Mortgage,Balance,Amount Past Due,Delinquency,Inquiry,Open Trade,Utilization,Gender,Race,Status
198283.02,1547.67,0.0,2,1,5,0.62179,1,0,1
117600.95,10228.48,49.02,0,0,7,0.118399,1,0,0
225027.07,6827.53,194.91,0,1,7,0.239614,0,1,1
236433.88,1434.55,0.0,0,1,13,0.325605,1,1,0
62937.89,1272.61,0.0,2,1,14,0.311663,0,0,1
101869.23,239.47,0.0,3,0,12,0.338116,0,1,1
187670.42,3297.65,0.0,0,2,9,0.19762,0,0,0
161025.44,7052.77,80.85,0,1,1,0.265456,0,0,0
178991.93,1317.19,0.0,0,0,13,0.196301,1,0,0
128817.36,3160.0,0.0,1,3,2,0.640278,0,0,1
232763.88,41.82,0.0,0,1,2,0.300515,1,0,1
226667.52,14774.99,0.0,0,4,1,0.143115,0,1,1
183961.84,212.36,0.0,0,4,14,0.293218,1,0,1
247634.47,3023.75,0.0,0,2,7,0.113016,1,0,0
208050.56,109.0,0.0,1,1,3,0.39951,0,0,0
128442.45,687.36,0.0,0,1,1,0.326775,0,0,0
202125.05,802.17,158.64,0,0,6,0.367131,1,0,1
122467.04,2116.75,0.0,0,0,10,0.138629,0,1,1
232707.02,133.18,271.3,0,1,14,0.207476,0,0,0
177004.45,899.1,0.0,0,0,8,0.243797,1,0,0
168908.26,484.96,0.0,0,2,9,0.12908,0,0,0
139144.23,242.95,0.0,1,0,12,0.244015,0,0,0
253352.48,3368.62,0.0,0,0,13,0.099568,0,1,0
170728.23,962.11,0.0,0,0,4,0.310997,0,1,0
154300.33,196.06,0.0,0,0,14,0.427067,0,0,0
158871.99,1146.13,0.0,0,0,7,0.040675,0,0,0
211938.55,391.81,0.0,0,0,13,0.304255,0,0,0
201926.64,2.21,0.0,0,2,1,0.098498,0,0,0
204763.96,220.1,0.0,0,0,1,0.445854,0,0,0
205849.26,2390.3,0.0,0,0,13,0.065203,1,0,0
308498.86,3.47,740.11,0,0,10,0.248049,1,1,1
155615.1,954.56,0.0,0,0,2,0.415544,0,0,0
149265.44,1400.9,0.0,0,0,13,0.29542,0,0,0
131173.64,597.15,0.0,1,1,1,0.205208,1,0,1
216958.77,1609.73,0.0,0,1,10,0.087448,0,1,0
247738.34,3654.8,0.0,0,0,3,0.248082,0,0,0
173163.15,1251.83,0.0,2,1,1,0.329161,1,0,1
129590.61,1174.61,0.0,0,0,12,0.779689,0,1,0
130531.13,303.3,0.0,0,0,12,0.469595,1,0,0
219035.57,1263.37,0.0,0,2,1,0.222538,1,1,0
224595.25,4638.3,0.0,0,0,1,0.533491,1,0,0
212589.26,1166.07,0.0,0,2,9,0.221672,0,0,0
140069.42,1457.97,0.0,0,0,0,0.315031,0,1,0
193929.68,5752.9,0.0,0,0,11,0.563545,0,0,0
187001.15,799.28,0.0,0,0,13,0.140141,1,0,0
193121.32,90.2,0.0,0,0,11,0.193236,1,0,0
232285.73,4201.98,0.0,0,5,3,0.360856,1,1,1
193415.73,1382.25,14.01,0,0,2,0.535577,0,1,0
220734.81,285.84,0.0,0,2,10,0.328988,1,0,0
184054.74,175.51,0.0,2,2,0,0.510987,0,1,1
197347.16,1335.88,0.0,0,1,8,0.631838,1,0,0
217877.29,3139.06,0.0,0,0,6,0.632782,0,0,0
92570.65,62.08,0.0,0,0,11,0.357971,0,0,0
160819.73,145.62,0.0,0,0,3,0.351714,0,0,0
151777.64,223.29,0.0,0,1,11,0.511619,1,1,0
141667.33,339.89,0.0,0,0,10,0.12121,0,0,0
163491.46,1995.04,273.15,0,3,3,0.165962,0,0,1
269696.48,112.99,0.0,0,1,5,0.224225,0,0,0
128050.13,3816.17,0.0,0,0,0,0.34743,0,1,0
238096.7,5037.01,0.0,0,1,6,0.171014,1,1,1
79027.81,9993.0,345.26,0,0,3,0.467387,0,0,0
159906.9,19.59,0.0,0,2,1,0.244582,0,0,0
189765.18,432.93,0.0,0,0,8,0.154738,1,0,0
215173.34,1468.46,0.0,0,4,8,0.118478,0,0,0
222673.59,139.81,0.0,0,2,1,0.479773,0,1,0
227600.83,8228.83,109.58,0,2,2,0.204594,0,0,0
159076.5,6712.29,0.0,0,0,1,0.269861,0,0,0
152258.89,1367.41,0.0,0,2,10,0.073756,0,0,0
231478.55,3995.74,0.0,2,0,5,0.224552,0,0,1
168521.74,4144.41,0.0,0,1,1,0.104775,0,1,0
103458.82,1510.27,0.0,0,0,2,0.402348,1,0,0
112002.77,977.54,0.0,0,0,14,0.19165,1,0,0
124832.86,4013.6,0.0,3,0,3,0.345586,1,0,1
209829.64,1196.98,0.0,0,0,10,0.037642,0,1,0
188545.54,4965.34,0.0,0,0,7,0.420579,0,1,0
221429.12,2021.95,0.0,3,2,2,0.233205,1,0,1
154364.84,1369.12,0.0,0,0,4,0.130466,1,0,0
189512.38,1000.01,0.0,3,1,0,0.698101,0,0,1
217535.42,684.93,0.0,0,0,11,0.234778,0,0,0
161439.21,441.11,0.0,0,1,5,0.19211,0,0,0
207406.51,21.27,0.0,0,1,7,0.114635,0,1,1
140284.44,621.15,0.0,0,0,2,0.276623,0,1,0
158216.77,36.57,0.0,2,1,12,0.418286,0,0,1
157095.73,500.59,0.0,0,2,3,0.264328,1,0,0
108249.62,6613.29,0.0,3,2,8,0.508538,1,0,1
209218.35,4946.5,0.0,0,0,13,0.34317,1,0,0
151835.86,4808.23,0.0,0,0,10,0.507652,0,0,0
180749.65,800.76,0.0,2,1,9,0.119846,1,0,0
208844.8,5966.96,0.0,0,0,13,0.211343,1,1,0
206791.87,2298.46,0.0,2,2,2,0.244946,0,0,0
219923.11,89.83,0.0,0,0,14,0.16413,1,1,0
174090.87,524.72,262.88,0,2,8,0.294105,1,0,0
154602.1,2162.57,0.0,0,0,6,0.092957,1,0,0
175216.91,354.43,0.0,0,0,3,0.414502,0,0,0
78759.93,237.2,0.0,0,5,11,0.070612,1,1,1
93173.25,2861.19,0.0,0,2,14,0.794142,0,0,0
100638.02,11.93,0.0,0,2,10,0.339192,0,0,0
120165.19,70.54,0.0,0,3,0,0.442066,0,1,1
203986.45,3900.13,0.0,1,0,7,0.326949,0,1,1
125671.26,699.25,0.0,0,0,10,0.098912,0,0,0
157310.25,5379.12,0.0,0,0,5,0.17701,0,0,0
257953.7,3075.42,0.0,3,0,11,0.245454,1,0,0
158624.16,2298.02,0.0,0,0,10,0.475147,0,1,0
224250.93,855.66,0.0,0,3,1,0.115904,1,0,0
123982.94,344.56,0.0,0,0,8,0.431401,0,0,0
167673.75,155.21,0.0,0,0,2,0.62481,1,0,0
122998.68,2868.67,0.0,0,0,7,0.238866,1,0,0
159658.02,210.1,0.0,0,0,5,0.023145,1,1,0
230418.49,408.57,0.0,0,0,12,0.480952,1,1,0
76360.77,1535.04,313.78,0,1,13,0.189332,1,0,0
206065.42,78.98,0.0,0,0,6,0.180816,0,1,0
194264.14,2159.08,0.0,0,1,8,0.586363,0,0,0
144351.0,134.39,0.0,0,2,9,0.099664,0,0,0
93236.53,408.61,0.0,0,1,9,0.051336,0,0,0
184327.77,164.64,0.0,1,1,9,0.206687,0,1,0
148230.44,4673.04,0.0,0,0,11,0.711772,0,0,0
193960.57,7172.09,0.0,0,0,14,0.142812,1,0,0
181311.13,2629.79,0.0,0,0,12,0.351498,1,0,0
276106.73,2349.66,0.0,0,3,2,0.235892,1,0,0
165638.66,582.38,0.0,0,1,7,0.308163,1,1,1
118590.15,2259.14,0.0,0,0,6,0.19558,0,0,0
190756.54,2366.4,0.0,3,0,7,0.166606,0,0,0
193199.8,2859.82,0.0,0,2,7,0.325833,1,0,0
261551.25,3207.88,0.0,1,1,10,0.135408,1,0,1
230106.67,3318.11,0.0,0,1,6,0.44312,0,0,0
201412.26,39.21,0.0,0,2,3,0.134626,0,0,0
267798.17,2351.9,0.0,0,1,6,0.67023,0,1,0
108674.22,1955.74,0.0,0,1,12,0.340985,0,1,0
141614.91,4123.91,0.0,1,0,4,0.462831,0,1,0
124405.44,252.14,0.0,2,0,0,0.300429,0,0,1
156611.41,2246.23,0.0,1,3,14,0.222302,1,0,0
97398.83,1280.43,0.0,0,1,2,0.188312,1,0,0
218109.06,1311.38,0.0,0,0,9,0.332202,0,0,0
166666.64,325.3,0.0,0,1,12,0.237545,1,1,0
91751.62,2885.98,0.0,1,0,4,0.47485,1,0,0
119065.26,1418.47,0.0,0,2,5,0.443851,0,0,0
198810.83,218.23,0.0,0,0,4,0.424928,1,0,0
230287.59,14941.35,0.0,0,2,2,0.433491,0,0,0
299803.85,1870.22,0.0,0,0,2,0.372436,1,0,0
354831.75,1023.57,0.0,0,0,2,0.230267,0,0,0
204864.57,6521.81,0.0,1,0,6,0.168408,1,0,1
120627.71,3733.32,1244.53,1,2,7,0.187735,1,0,1
52077.22,3091.15,428.33,2,0,0,0.37204,0,0,1
196062.69,144.01,0.0,0,0,12,0.116474,0,1,0
131223.53,2248.47,0.0,0,1,10,0.37668,0,0,0
155078.56,4369.77,0.0,0,0,1,0.090836,1,0,0
143274.19,1373.4,0.0,0,0,12,0.365544,1,0,0
171552.55,2922.04,0.0,0,0,0,0.295361,0,0,0
243958.81,651.17,0.0,0,2,8,0.150431,1,1,1
189422.91,299.4,255.01,0,0,6,0.091633,0,0,0
170481.91,4328.75,0.0,0,0,7,0.564239,0,1,1
117860.77,1091.72,0.0,0,0,14,0.303756,0,1,0
79519.02,1430.78,0.0,0,0,13,0.13741,0,0,0
150821.53,720.69,0.0,0,0,4,0.56047,0,0,0
176773.05,1384.19,0.0,2,0,8,0.466946,0,0,0
286075.79,699.34,0.0,0,0,14,0.39446,0,0,0
187816.47,113.35,0.0,1,0,10,0.110756,1,0,0
238964.37,3988.06,0.0,0,2,13,0.161104,0,0,0
150042.26,374.42,0.0,0,0,6,0.029515,1,0,0
108903.37,768.83,0.0,0,0,4,0.126308,1,0,0
122092.99,3888.34,0.0,1,2,7,0.233309,1,0,1
136486.44,2192.17,0.0,0,2,12,0.29389,0,0,0
307708.18,1744.13,0.0,0,1,13,0.390719,1,1,0
130716.8,4344.98,0.0,0,0,10,0.146642,0,0,0
230309.35,357.7,0.0,0,0,10,0.044141,0,0,0
125824.37,1336.31,0.0,0,0,7,0.099645,0,1,0
235894.38,1258.99,309.41,0,0,4,0.405305,0,0,0
203097.06,6986.42,0.0,0,0,6,0.514578,1,0,0
170601.73,3452.31,0.0,0,1,7,0.220054,1,0,0
177554.25,441.14,0.0,0,0,12,0.240688,1,0,0
140712.74,334.45,0.0,0,1,8,0.473173,0,1,1
206764.33,926.21,0.0,1,0,11,0.246063,1,0,0
152700.99,437.99,0.0,1,0,0,0.192436,1,0,0
106463.65,935.33,0.0,0,1,11,0.417878,0,0,0
103323.75,226.08,0.0,0,2,7,0.428939,0,0,0
190355.28,1796.84,0.0,0,0,14,0.234373,1,0,0
274745.48,446.49,0.0,0,1,7,0.421308,0,1,0
189599.5,488.27,0.0,0,0,7,0.152736,0,0,0
172881.7,8021.95,0.0,0,0,1,0.259411,1,0,0
197149.57,3385.37,0.0,3,1,12,0.310293,0,0,1
258360.1,4281.34,0.0,0,0,10,0.133983,0,1,0
193162.95,131.17,0.0,1,0,12,0.159064,0,0,0
155344.37,611.33,0.0,0,0,1,0.192784,1,0,0
246377.32,935.83,0.0,0,0,3,0.370656,1,0,0
205725.39,3498.63,0.0,0,0,13,0.499673,1,1,0
272145.36,1893.49,0.0,0,0,0,0.50029,1,0,0
190994.07,12.4,0.0,0,3,7,0.440064,1,1,1
106531.86,673.47,0.0,0,1,6,0.177696,1,0,0
97910.45,3376.08,0.0,0,0,14,0.614913,0,1,0
279055.68,11350.07,0.0,0,0,12,0.030061,0,1,0
283419.94,845.65,0.0,0,1,13,0.423848,1,0,0
169228.85,1254.45,73.6,0,0,4,0.354859,1,0,1
157008.76,1863.59,0.0,1,0,8,0.076325,0,0,0
267686.66,1254.14,0.0,0,1,10,0.222706,1,0,0
113577.26,3326.05,961.57,0,0,14,0.298055,1,0,1
126316.38,4427.92,0.0,0,0,0,0.099692,0,0,0
218599.61,421.59,0.0,0,0,14,0.264504,0,1,0
156323.69,1585.19,0.0,2,0,5,0.118455,0,0,0
179692.69,222.38,101.47,0,0,1,0.306298,0,0,0
170193.43,350.94,0.0,0,2,9,0.328651,0,0,0
200254.47,1267.36,0.0,0,0,11,0.067665,0,0,0
264448.91,735.67,0.0,0,1,1,0.261415,0,0,0
185435.09,182.17,0.0,0,1,0,0.380302,0,0,0
218636.33,1498.13,0.0,0,0,13,0.033924,1,0,1
56989.67,2682.21,0.0,0,0,14,0.351249,1,1,0
177076.9,2616.8,0.0,0,0,2,0.391962,0,0,0
129406.18,756.94,0.0,0,1,13,0.587776,0,1,0
106871.22,1545.31,0.0,0,0,13,0.333374,0,0,0
127310.86,444.15,0.0,1,1,14,0.120803,0,0,0
159952.59,524.51,0.0,0,2,3,0.307034,0,0,0
234954.15,777.36,0.0,0,1,8,0.322414,0,0,0
100416.44,5694.93,0.0,1,5,14,0.431469,0,1,1
181837.89,1072.93,0.0,0,1,13,0.526987,1,0,0
150949.83,1764.47,0.0,0,2,9,0.295002,0,0,0
160339.61,1533.15,0.0,0,2,2,0.246828,1,1,1
240165.47,2754.56,0.0,3,1,1,0.292438,0,0,1
212286.93,5837.86,365.94,0,2,3,0.226264,0,1,1
260243.89,848.43,0.0,0,3,0,0.326375,1,0,1
170729.66,2629.95,0.0,0,0,2,0.115866,0,1,0
138243.44,808.91,0.0,0,1,1,0.417229,1,0,0
166568.47,4133.79,0.0,0,0,11,0.354301,1,0,0
194549.81,298.97,0.0,0,2,8,0.304708,1,0,0
190594.4,290.76,0.0,2,0,7,0.125652,0,0,1
114936.72,1498.92,0.0,0,2,12,0.107465,0,1,0
185429.39,170.91,0.0,0,1,6,0.47441,0,0,0
193693.7,646.4,0.0,0,3,6,0.589349,0,0,0
331048.44,1562.0,0.0,3,0,3,0.341045,0,0,1
292610.68,606.83,0.0,0,1,6,0.638517,1,1,0
128805.4,5289.25,0.0,0,1,2,0.446433,1,0,0
162757.0,1565.28,0.0,1,3,8,0.138509,0,1,0
92193.48,1293.76,0.0,0,2,14,0.305452,0,0,0
144557.58,1489.14,0.0,1,1,7,0.218502,1,1,1
198936.3,2536.82,0.0,0,1,4,0.351736,1,0,0
252351.22,722.18,0.0,0,0,10,0.280301,0,0,0
136254.97,2821.36,66.13,1,4,12,0.380852,0,0,1
140751.21,5099.48,0.0,0,0,7,0.403978,1,0,0
51162.66,4082.13,0.0,0,1,3,0.172871,1,1,1
170240.04,1445.96,0.0,0,1,10,0.266599,1,1,1
116255.14,487.06,0.0,0,0,2,0.316254,0,0,0
148233.63,655.76,0.0,0,0,14,0.371942,0,1,0
127388.35,3216.6,0.0,0,0,4,0.491742,0,0,1
174344.25,1848.88,0.0,0,2,5,0.125017,0,0,0
74536.3,789.84,0.0,0,0,10,0.152781,1,0,0
91977.29,63.75,1.63,0,0,0,0.145861,0,0,0
307754.83,3938.99,0.0,1,1,3,0.468239,1,0,1
102754.65,331.74,0.0,0,0,1,0.377346,1,0,0
114192.87,1195.51,0.0,0,2,5,0.154359,1,0,0
290214.81,628.33,0.0,0,0,8,0.275316,1,1,0
354304.03,839.49,0.0,0,0,2,0.062755,1,1,0
109706.0,161.63,0.0,0,0,5,0.083834,0,0,0
157905.06,666.24,0.0,0,0,11,0.113125,0,0,0
200493.33,5010.78,0.0,0,0,14,0.444611,0,1,0
283721.86,1208.77,0.0,2,1,0,0.402012,1,0,1
120788.58,1168.34,0.0,1,0,9,0.161845,1,1,0
165283.33,1773.85,0.0,0,0,0,0.184637,0,0,0
226640.25,872.09,0.0,1,0,7,0.114438,0,0,0
206085.96,791.52,0.0,1,0,13,0.123662,0,0,0
157430.64,39.26,0.0,0,3,11,0.17134,0,1,0
171970.62,3132.32,0.0,0,0,3,0.312921,1,1,1
97506.25,2423.26,80.08,0,4,3,0.267433,0,0,0
165709.58,1014.81,0.0,0,0,11,0.03999,1,1,0
164016.75,1965.55,0.0,0,0,12,0.129165,1,1,0
193930.19,1016.62,0.0,0,0,4,0.345353,0,0,0
146680.37,245.44,0.0,0,0,0,0.303819,0,1,0
208292.31,312.88,0.0,1,1,6,0.18197,1,0,0
240762.95,6678.7,0.0,0,0,9,0.347671,1,0,0
189325.76,2536.09,0.0,0,0,6,0.185319,0,0,0
201105.38,893.93,0.0,0,1,14,0.403872,0,1,0
183189.32,2834.45,0.0,0,1,12,0.33036,1,1,0
180005.06,1450.09,0.0,0,3,11,0.202759,1,0,0
136706.52,3086.08,0.0,1,3,0,0.660943,1,0,1
198989.66,2195.16,0.0,1,1,12,0.243067,1,0,1
174162.8,2820.06,0.0,1,2,11,0.453898,1,1,1
305590.1,11.48,0.0,1,1,5,0.430797,0,1,1
274401.29,8611.4,0.0,2,0,8,0.11345,1,0,0
203150.79,95.1,0.0,0,1,12,0.17734,0,0,0
134216.57,997.99,0.0,0,0,13,0.520367,1,0,0
113255.31,264.43,0.0,0,1,8,0.198216,1,0,0
251468.58,432.44,0.0,0,3,0,0.319252,1,0,0
195764.95,1051.72,0.0,0,0,9,0.160501,0,0,0
208808.6,881.03,0.0,0,2,10,0.356874,1,0,0
75324.84,5779.9,307.93,2,3,0,0.164435,1,0,1
235646.31,972.98,0.0,0,0,12,0.42079,1,1,0
207265.22,6016.17,0.0,2,0,3,0.335811,1,0,1
113374.16,1746.14,0.0,0,3,13,0.362245,0,0,0
151708.51,996.71,0.0,0,3,8,0.479386,0,1,1
195823.03,1828.23,0.0,0,0,4,0.316941,1,1,0
183148.01,1730.91,0.0,0,0,0,0.217798,1,0,0
162469.73,596.54,0.0,0,1,0,0.10095,1,0,0
173790.7,582.54,0.0,0,0,11,0.420551,1,0,0
164881.36,4586.44,0.0,2,0,5,0.48014,0,0,1
189153.75,159.24,0.0,0,0,12,0.599487,0,0,0
268289.52,1446.48,0.0,0,0,3,0.390152,1,0,0
26000.49,6105.95,0.0,0,1,13,0.12532,0,0,0
165788.98,763.43,0.0,0,1,14,0.554957,1,0,0
190590.75,3363.25,186.09,0,1,1,0.1956,1,0,0
197759.64,743.3,0.0,0,1,9,0.200482,1,0,0
157685.13,6250.48,0.0,0,0,14,0.353495,0,0,0
74596.69,300.3,0.0,0,0,4,0.181095,1,0,0
199679.73,1059.54,0.0,0,0,1,0.369448,0,1,0
283641.01,1438.7,322.32,0,0,13,0.213107,0,0,0
87968.32,2736.08,0.0,0,0,7,0.486187,0,0,0
231829.68,1715.19,0.0,0,0,0,0.392946,0,0,0
160288.49,3070.47,310.27,0,0,12,0.119658,1,0,0
176320.54,306.15,0.0,0,0,10,0.42006,1,1,1
116826.09,3190.95,0.0,0,1,1,0.239825,0,1,1
159932.63,4917.56,1675.74,0,1,3,0.635553,1,0,1
258002.68,2868.65,0.0,0,3,0,0.225124,0,0,0
214959.31,770.39,0.0,0,1,14,0.362778,1,0,0
283938.7,455.54,0.0,0,1,0,0.26531,1,0,0
250644.71,634.41,0.0,2,0,11,0.158179,1,0,1
206345.2,255.69,0.0,0,1,7,0.253669,0,1,1
284636.07,2188.32,0.0,1,0,8,0.398019,0,1,1
206339.59,1595.46,0.0,0,0,12,0.232481,0,0,0
229679.29,1597.69,0.0,0,0,13,0.158024,1,0,0
162205.74,1936.75,0.0,0,0,1,0.382778,1,0,0
183992.75,4582.47,0.0,0,0,0,0.181402,0,0,0
138154.57,136.64,283.51,1,1,1,0.397398,0,0,1
239375.04,1018.88,0.0,0,2,10,0.354635,1,1,0
109301.78,495.09,0.0,0,1,8,0.301562,0,1,1
226941.02,2484.37,0.0,0,1,1,0.4267,1,0,0
168560.94,4247.91,0.0,0,0,3,0.561831,1,0,0
250274.83,677.84,0.0,0,0,8,0.338216,0,0,0
225052.14,1254.52,0.0,3,1,10,0.195665,0,1,1
289238.77,96.17,0.0,0,0,5,0.475445,0,0,0
223846.48,1269.27,0.0,1,0,14,0.399175,0,0,0
85677.58,739.74,0.0,0,0,14,0.355336,1,0,0
175982.81,1939.71,0.0,0,3,11,0.075425,1,0,0
109679.57,1339.55,0.0,0,1,6,0.404211,0,0,0
148903.21,3227.35,0.0,1,0,13,0.252386,0,0,0
270673.71,1106.83,0.0,0,1,10,0.036724,0,0,0
218252.03,1273.97,0.0,0,0,7,0.017152,0,1,0
138064.17,3742.03,0.0,0,0,6,0.181778,1,0,0
119176.96,1157.15,0.0,0,0,12,0.038663,1,0,0
181966.93,1977.53,0.0,0,0,8,0.30144,1,1,0
107006.39,506.46,0.0,0,1,2,0.071072,0,0,0
139731.58,2842.87,0.0,0,0,14,0.227903,1,0,0
198720.57,2066.58,0.0,0,1,1,0.201872,0,0,0
249318.72,2146.74,124.7,0,0,10,0.149424,1,0,0
216525.69,2257.15,0.0,1,1,9,0.203372,1,1,1
42522.63,1883.46,462.96,0,1,8,0.200389,1,0,1
198262.0,162.26,0.0,3,1,0,0.452046,0,0,1
184322.01,734.36,356.6,2,1,7,0.605635,0,0,1
204833.42,4190.52,0.0,0,3,13,0.494095,1,0,1
276972.58,3504.37,0.0,0,0,3,0.109286,0,0,0
56205.7,3439.15,0.0,0,1,10,0.429644,1,1,1
144533.79,5868.21,0.0,0,1,12,0.487142,0,1,1
215454.38,1677.17,0.0,0,0,14,0.056226,1,1,0
85104.34,1554.62,0.0,0,0,7,0.18631,0,0,0
268556.94,1386.89,0.0,0,0,4,0.405397,1,0,0
202101.4,134.51,0.0,0,0,10,0.16611,0,1,0
230795.04,1472.09,0.0,3,0,7,0.477487,0,0,0
145743.38,2655.92,0.0,0,0,9,0.352392,0,0,0
228825.82,660.03,0.0,0,1,11,0.371616,0,1,0
244108.29,4470.63,0.0,3,0,10,0.529016,1,0,0
193972.68,2012.0,0.0,0,2,3,0.456311,1,0,0
194064.05,2394.13,0.0,0,0,11,0.105802,1,1,0
196220.59,1879.33,0.0,1,1,8,0.172346,1,0,0
128199.28,3411.23,0.0,0,0,13,0.315589,1,0,0
171148.28,1238.7,0.0,0,0,9,0.162468,0,0,0
170848.65,1562.83,0.0,0,0,13,0.350526,1,1,0
203003.63,549.11,0.0,2,1,14,0.349529,0,0,0
239989.45,1446.21,0.0,0,0,14,0.108584,1,1,1
116487.84,543.81,0.0,0,3,11,0.317173,0,0,0
172499.46,3611.56,128.93,0,0,8,0.149312,1,0,0
268887.33,1704.51,0.0,0,1,1,0.196963,0,0,0
135384.71,1678.36,0.0,0,0,5,0.315754,0,0,0
130665.0,3202.41,0.0,0,1,7,0.441415,0,0,0
192138.37,497.85,0.0,1,0,11,0.120533,0,0,0
230663.11,519.09,0.0,0,0,8,0.441107,0,0,0
180685.56,6168.19,0.0,0,0,6,0.344501,0,0,0
259737.64,1837.25,0.0,0,0,2,0.317444,0,1,0
231407.64,1695.2,0.0,0,0,10,0.220068,1,1,0
230509.2,33.13,0.0,0,5,6,0.324133,0,0,1
213246.99,993.11,0.0,0,0,0,0.134309,1,0,0
319659.19,4618.78,0.0,0,0,4,0.213529,0,0,0
167690.3,3343.95,0.0,0,3,13,0.441871,1,0,1
59788.66,1021.2,0.0,0,0,1,0.337815,0,0,0
276255.26,2110.28,0.0,0,0,6,0.357986,0,0,0
152538.03,932.16,0.0,0,1,7,0.770352,1,0,1
186472.83,1207.71,0.0,2,2,1,0.202194,1,0,1
258573.04,869.5,839.97,0,1,2,0.370428,0,1,1
83864.43,493.26,0.0,2,0,14,0.115313,0,0,0
104901.17,1578.21,0.0,1,4,8,0.538999,0,0,1
83923.32,1346.75,21.62,0,0,3,0.254515,0,0,0
132351.82,6149.63,0.0,2,4,2,0.29139,0,0,1
206378.2,232.65,0.0,0,2,6,0.056291,1,0,0
211451.27,1196.28,0.0,0,3,10,0.254266,0,0,0
196576.45,2887.01,0.0,0,0,10,0.116632,1,0,0
95234.05,1455.44,0.0,0,0,2,0.637867,0,0,0
41393.79,5304.46,0.0,0,1,10,0.243555,0,0,0
183261.22,972.57,0.0,0,0,13,0.149465,0,0,0
151693.44,330.45,0.0,0,0,3,0.25268,0,1,0
207563.15,4303.78,0.0,1,3,0,0.171009,0,1,1
222117.22,141.51,0.0,0,1,14,0.017653,1,1,0
188294.49,1116.16,0.0,0,0,7,0.26834,1,0,0
225607.99,833.95,0.0,0,0,11,0.12,0,0,0
193752.68,1841.75,0.0,0,0,4,0.273155,0,0,0
211803.88,2598.43,0.0,0,0,4,0.519795,1,1,0
137719.6,1281.83,0.0,0,0,3,0.424696,0,1,0
169223.32,3769.32,213.34,0,2,3,0.485318,0,1,1
191806.57,94.51,0.0,0,1,7,0.314129,1,0,0
229231.71,782.76,0.0,1,0,1,0.261905,0,0,1
156375.53,1746.55,0.0,0,0,12,0.08785,0,1,0
211270.04,952.44,0.0,0,1,7,0.357153,0,0,0
164049.67,310.97,0.0,0,2,13,0.51543,1,0,0
172947.47,458.08,0.0,1,2,7,0.294244,0,0,0
229771.14,1011.21,0.0,0,0,4,0.727927,1,0,1
60416.38,841.67,0.0,0,2,7,0.296907,0,0,0
102211.66,2616.37,0.0,0,0,2,0.478293,0,0,0
91068.88,2369.19,626.4,0,0,12,0.201041,0,1,1
39983.03,2240.8,27.11,0,2,10,0.203104,1,1,0
139304.13,1944.64,0.0,0,0,2,0.177422,0,1,0
224966.03,2794.63,0.0,0,0,8,0.162673,1,0,0
162906.96,5916.18,0.0,0,0,8,0.504891,0,0,0
191867.4,698.19,283.63,0,0,3,0.086127,0,0,0
245353.05,4308.69,0.0,0,0,1,0.142447,0,1,1
259661.17,30.17,0.0,2,1,11,0.65646,0,0,1
175851.72,6076.71,0.0,0,0,3,0.445602,0,1,0
261215.15,211.34,0.0,0,0,7,0.227844,1,0,1
185527.6,238.63,0.0,0,2,3,0.330596,1,0,0
129756.11,1139.71,0.0,1,0,9,0.246614,1,1,0
144335.98,333.26,0.0,0,3,0,0.453295,1,0,0
91167.81,24.69,0.0,1,0,5,0.162857,0,1,1
126711.97,0.14,0.0,0,1,8,0.143031,1,0,0
158519.0,668.59,0.0,0,0,6,0.211452,0,0,0
228215.1,3494.85,0.0,0,2,9,0.492984,1,0,0
283246.19,257.19,0.0,0,0,2,0.09659,1,1,0
97069.11,1836.79,0.0,1,2,6,0.440411,0,0,0
203569.65,3451.36,0.0,1,0,11,0.264814,1,1,1
117567.36,435.31,0.0,0,1,5,0.178239,1,1,0
208481.83,682.53,0.0,3,0,2,0.506854,0,0,0
172134.8,10126.71,0.0,0,0,12,0.138622,1,1,1
70145.65,2412.78,0.0,0,0,11,0.447251,0,1,1
235697.82,1444.53,0.0,0,0,10,0.423268,0,0,0
143699.96,3723.36,0.0,0,0,11,0.274872,0,1,0
147965.99,217.99,0.0,1,1,11,0.727969,1,0,1
115814.86,3095.15,0.0,0,0,11,0.109921,0,0,0
140743.0,2733.44,0.0,0,0,7,0.162308,1,0,0
205673.43,906.03,0.0,0,0,0,0.372856,0,1,0
168645.34,727.35,0.0,0,0,8,0.500621,0,0,0
199719.72,1646.72,0.0,0,0,4,0.609775,1,0,0
201715.31,2903.95,0.0,0,1,11,0.516639,0,0,0
259239.7,3212.17,0.0,0,0,7,0.392009,1,0,0
159432.83,4520.93,0.0,0,2,13,0.537513,0,1,1
91388.53,402.35,0.0,0,0,8,0.074179,1,1,0
244033.34,553.85,0.0,0,0,8,0.145014,1,0,0
160110.71,2703.74,0.0,0,2,13,0.091533,0,0,0
246875.55,403.23,0.0,0,0,7,0.291126,0,1,0
203002.63,18.03,0.0,2,0,5,0.368486,0,0,1
172131.75,476.47,0.0,0,3,5,0.120671,1,0,0
200926.55,724.6,0.0,2,3,13,0.38049,1,1,1
297060.75,729.81,0.0,0,1,11,0.265177,0,1,0
304618.83,2250.55,0.0,0,0,2,0.264093,0,0,0
184162.87,2029.68,0.0,0,1,7,0.325354,1,0,0
189611.44,1185.65,0.0,0,4,5,0.273869,0,1,0
244574.41,2598.81,0.0,1,3,9,0.254803,1,0,1
129260.34,1342.36,0.0,0,0,0,0.079533,1,0,0
199984.22,2094.58,0.0,0,0,10,0.111606,0,1,0
178448.23,6290.8,0.0,0,0,11,0.074724,0,0,0
198834.49,2829.4,0.0,0,0,3,0.15738,0,0,0
129997.87,628.08,0.0,0,1,2,0.432305,0,0,0
84625.95,343.19,0.0,0,0,9,0.144941,1,0,0
55620.99,5687.43,0.0,0,0,3,0.21185,1,0,0
112956.95,2159.18,0.0,0,0,14,0.336772,1,0,1
152479.48,3571.79,0.0,0,0,11,0.270477,0,0,0
162408.5,1740.25,0.0,0,0,14,0.189687,0,1,0
296233.87,1745.49,0.0,0,0,8,0.352947,1,0,0
246359.6,14411.94,422.59,0,0,14,0.32955,0,0,1
122274.53,4963.55,0.0,0,3,0,0.441582,0,0,1
200862.51,132.19,0.0,0,0,4,0.177495,0,0,0
155575.31,378.41,0.0,0,0,0,0.191905,1,1,0
162938.17,895.21,0.0,0,0,10,0.268203,1,0,0
191119.54,850.71,152.74,0,0,7,0.161559,0,0,0
217150.27,392.95,504.92,0,0,4,0.032773,1,1,0
159644.49,2215.92,0.0,0,0,4,0.341649,0,0,0
243831.09,1111.04,42.03,2,0,9,0.530842,0,0,1
111483.71,4340.77,0.0,0,0,2,0.244214,0,1,0
180380.34,872.33,0.0,0,1,7,0.253899,1,0,0
335860.42,1491.6,0.0,0,0,9,0.173367,0,1,0
193384.78,1094.47,0.0,0,0,3,0.508912,0,1,0
265992.87,2125.6,0.0,2,1,3,0.055976,0,1,1
185491.21,577.76,623.91,0,0,5,0.482008,1,0,0
214846.63,3536.81,0.0,0,0,8,0.478053,1,1,1
176593.01,6839.99,0.0,3,0,3,0.25924,0,0,1
169775.55,138.25,266.08,0,0,5,0.171023,1,0,0
133231.06,8.72,0.0,0,0,8,0.408892,0,1,0
205818.08,1063.91,0.0,0,5,2,0.399338,0,0,0
128907.77,1545.9,0.0,0,5,8,0.301947,1,1,0
219935.11,2594.14,0.0,0,4,2,0.069393,1,0,0
245117.22,1068.35,0.0,0,0,2,0.555363,0,0,0
201991.88,1245.23,0.0,2,0,3,0.227579,1,0,0
162825.08,1859.12,0.0,2,0,4,0.347779,0,1,0
207237.93,1006.23,0.0,0,0,0,0.050071,1,0,0
161479.62,6827.95,0.0,0,0,14,0.063284,1,0,0
236132.83,133.38,0.0,0,0,4,0.085485,1,0,0
70115.63,240.61,0.0,0,0,12,0.358976,0,1,0
159863.56,1491.88,0.0,0,0,13,0.490634,1,0,0
60551.28,619.38,0.0,0,0,12,0.061947,1,0,0
90296.35,3458.64,0.0,0,1,12,0.286432,0,0,0
261831.73,853.12,136.93,0,0,1,0.525722,0,0,0
233711.1,457.41,0.0,0,2,5,0.039292,1,0,0
136831.19,353.25,0.0,0,0,11,0.544818,0,0,0
89849.79,1935.65,161.53,0,0,8,0.184809,1,1,1
2128.27,357.21,0.0,1,0,0,0.563614,0,1,1
147390.27,1132.31,0.0,0,0,8,0.206752,1,0,0
325224.9,2286.55,0.0,1,0,12,0.321955,0,0,0
206093.06,2581.25,0.0,0,0,12,0.24664,1,0,0
146425.66,958.87,0.0,1,1,5,0.157885,1,1,0
207904.81,94.33,0.0,0,0,3,0.147715,0,0,0
86342.5,902.3,108.33,0,0,4,0.217576,1,0,0
162160.6,1086.35,0.0,2,3,4,0.320324,1,1,1
185968.65,1238.07,0.0,0,0,5,0.490715,0,0,0
174833.96,545.91,0.0,0,1,4,0.219922,0,0,0
227448.37,8413.25,89.31,0,0,6,0.548811,1,0,1
200678.71,2768.47,0.0,0,0,0,0.507968,1,0,0
220099.56,187.53,0.0,0,0,4,0.309251,0,0,0
138697.66,169.29,0.0,0,0,4,0.261362,1,1,1
233868.92,1195.12,0.0,1,1,2,0.371841,0,0,0
277736.22,3202.88,0.0,0,0,13,0.106468,0,0,0
121791.03,173.34,0.0,0,0,10,0.111024,1,1,0
126738.26,3227.89,0.0,0,0,13,0.22041,0,1,0
260147.06,2141.32,0.0,1,2,8,0.21974,0,0,0
168519.36,3338.82,606.69,0,1,1,0.346342,0,1,1
264229.28,3458.0,0.0,0,3,13,0.22087,0,0,1
153447.86,2773.81,0.0,0,1,6,0.582656,0,0,0
267302.73,1892.13,313.36,0,1,10,0.093684,1,0,0
187889.15,4186.5,0.0,1,0,5,0.31868,0,0,0
195493.73,2000.27,0.0,0,2,7,0.219352,1,1,0
273883.08,1703.9,0.0,0,0,7,0.48985,1,1,1
158293.77,1500.8,0.0,0,0,4,0.625249,0,0,0
123532.67,2800.74,0.0,0,1,8,0.119227,0,0,0
153086.15,697.46,118.6,0,0,11,0.053499,1,1,1
207140.04,8587.05,0.0,0,0,0,0.202366,0,0,0
86054.46,3219.19,0.0,0,0,1,0.288372,0,0,0
218248.25,358.07,0.0,0,0,12,0.134067,1,0,0
147673.72,2539.2,0.0,0,2,8,0.197893,1,0,0
248868.76,2638.21,0.0,0,0,14,0.226982,1,0,0
36344.38,262.43,0.0,0,2,9,0.48485,0,1,0
132806.05,1121.64,0.0,0,0,9,0.095136,0,0,0
78811.91,684.97,152.72,0,1,13,0.158832,0,0,0
130426.23,402.68,0.0,0,0,9,0.173766,1,1,1
194859.95,590.18,0.0,0,3,4,0.301474,0,0,0
169246.4,2738.86,0.0,0,0,7,0.469467,0,1,1
164797.35,1408.61,0.0,0,0,3,0.25159,0,0,0
170448.91,697.45,0.0,0,0,5,0.192579,1,0,0
192203.29,461.22,0.0,0,0,10,0.089694,1,0,0
119487.84,3605.61,0.0,0,0,2,0.292007,0,1,0
222410.98,1233.13,0.0,0,1,10,0.194622,0,0,0
219759.96,2416.94,0.0,0,3,8,0.145522,0,1,0
203102.28,1111.42,0.0,0,1,4,0.191684,0,0,1
213392.01,597.35,0.0,1,0,0,0.150045,0,0,0
197785.08,2802.25,0.0,0,0,10,0.134481,0,1,0
302104.4,1446.45,0.0,1,2,12,0.164096,1,0,1
174774.35,2068.26,0.0,0,2,10,0.191672,1,1,1
161575.01,3783.04,0.0,0,0,6,0.165562,1,0,0
134788.35,5149.8,0.0,0,3,9,0.412235,1,0,1
118064.24,2549.44,0.0,0,0,6,0.242266,0,1,0
105331.69,1952.5,0.0,1,2,5,0.095612,0,0,0
126672.16,3182.69,0.0,0,3,4,0.124573,0,0,0
175759.18,647.48,0.0,2,1,3,0.139627,1,0,1
200057.71,777.53,0.0,0,0,14,0.861069,0,1,0
183068.52,2620.82,0.0,1,1,9,0.190705,0,0,0
134067.88,772.47,0.0,2,0,2,0.261667,0,0,0
234011.07,760.6,0.0,0,1,12,0.050776,0,1,0
224364.76,4252.98,536.55,0,0,2,0.200768,1,0,1
170421.1,3383.7,0.0,0,1,8,0.527412,1,1,1
140825.03,797.03,0.0,0,2,2,0.16769,0,1,0
212905.68,1212.01,299.64,2,0,5,0.516467,1,0,1
191278.42,3486.85,0.0,0,0,9,0.125844,0,1,0
93112.36,197.29,0.0,0,1,14,0.248221,0,0,0
175921.18,2551.77,0.0,0,0,14,0.264398,0,0,0
195722.15,375.27,0.0,0,0,13,0.153557,1,0,0
126018.31,3907.23,0.0,3,0,3,0.274607,1,0,1
191390.6,1281.91,0.0,0,0,1,0.40323,0,0,0
92710.65,351.01,0.0,0,1,13,0.41566,1,0,1
260171.17,0.97,0.0,2,1,13,0.561019,0,0,0
254877.0,64.94,0.0,0,0,4,0.237328,0,0,0
164848.96,793.81,0.0,0,0,0,0.434006,1,0,0
201807.26,3075.11,226.73,0,0,9,0.173431,1,1,1
35404.68,72.31,0.0,0,0,1,0.597707,1,0,1
110619.14,2674.85,0.0,0,1,0,0.124152,1,0,0
162373.26,4474.85,0.0,1,0,14,0.376911,0,0,0
115672.02,857.91,0.0,0,0,7,0.206253,1,0,0
222863.79,2674.72,0.0,1,3,1,0.155466,1,0,1
299837.79,32.81,45.57,1,0,9,0.107626,0,0,0
109403.12,259.8,0.0,1,1,5,0.432749,0,0,1
129752.2,571.55,0.0,0,0,8,0.111216,1,1,0
194126.9,1108.36,0.0,0,0,13,0.467033,0,0,0
276666.97,2476.41,0.0,0,0,3,0.398763,0,0,0
106657.54,3479.05,0.0,0,1,9,0.257165,1,1,0
194942.17,951.39,0.0,0,2,12,0.584595,1,0,0
289277.93,1438.94,245.63,0,0,6,0.407233,1,0,1
80894.45,8030.35,0.0,0,0,14,0.059042,1,0,0
103135.85,1585.44,0.0,0,0,6,0.310872,0,0,0
154583.6,1065.09,0.0,0,1,6,0.381548,1,0,0
148764.7,3447.96,328.31,0,1,13,0.203182,0,0,0
228756.08,10920.08,555.25,0,1,9,0.265535,1,0,1
194499.58,1079.2,0.0,1,2,13,0.345676,0,1,0
73502.28,2207.09,0.0,0,0,11,0.249063,1,0,0
210924.62,4923.36,0.0,1,1,10,0.176299,1,0,0
145347.67,894.33,0.0,1,1,3,0.113265,1,0,0
256466.83,1177.4,0.0,0,0,5,0.56662,0,1,1
142344.75,1556.45,0.0,0,2,12,0.22366,0,0,0
141803.08,1713.98,0.0,0,0,9,0.361355,0,0,0
212467.9,2676.2,528.72,0,1,4,0.205515,0,0,0
225775.59,2401.25,0.0,0,1,4,0.444288,1,1,0
206885.96,1091.76,0.0,0,2,11,0.239926,0,0,0
78864.16,5136.15,0.0,1,0,2,0.485287,1,0,0
212282.07,1138.13,434.87,2,0,1,0.301024,0,0,1
117941.52,538.14,0.0,1,2,11,0.056071,0,0,0
194116.57,1954.29,0.0,0,1,4,0.15709,1,0,0
94575.93,3669.94,426.32,0,0,11,0.273243,0,0,0
206779.33,625.46,0.0,3,1,8,0.263345,0,0,0
131604.07,1789.8,0.0,0,0,14,0.45496,0,1,0
103041.92,798.94,0.0,0,1,7,0.435811,0,1,0
222829.21,65.87,0.0,0,2,13,0.30399,1,0,0
194498.67,556.28,0.0,0,0,12,0.195879,0,0,0
143161.39,2341.84,0.0,0,0,3,0.084263,0,0,0
267070.73,2810.66,0.0,0,3,14,0.149112,1,0,1
153560.85,529.64,37.8,0,1,11,0.168966,0,0,0
181926.46,1990.23,0.0,0,2,1,0.194464,1,0,0
196134.81,1121.88,0.0,0,0,0,0.223625,0,1,0
142820.04,1857.0,0.0,0,5,4,0.1216,1,0,0
208268.18,77.89,0.0,0,0,0,0.293459,0,1,0
147992.86,314.62,0.0,1,0,5,0.07202,0,0,0
155301.7,434.01,915.28,0,0,14,0.131542,1,0,1
261758.56,684.27,0.0,0,1,7,0.235979,1,0,0
117564.84,1095.5,0.0,0,2,0,0.125522,1,0,0
35233.18,1139.85,0.0,0,1,7,0.080899,1,0,0
276656.22,1115.54,0.0,1,1,3,0.568494,0,0,1
332959.68,279.29,0.0,0,0,12,0.316248,1,0,0
155683.84,5780.34,0.0,0,0,1,0.173444,1,0,0
63789.72,838.64,0.0,0,0,11,0.405276,0,0,0
161370.96,1606.04,519.39,0,0,6,0.414979,0,0,0
162826.62,3968.49,0.0,3,0,0,0.262629,0,0,0
168604.57,273.78,0.0,1,2,10,0.427493,1,1,0
113196.72,1674.12,0.0,2,1,6,0.14014,0,0,0
214773.67,995.62,427.86,1,1,11,0.264434,0,0,0
211470.44,3356.96,0.0,0,0,9,0.431617,1,0,0
90335.66,1318.12,0.0,1,0,11,0.194638,1,0,0
221951.8,865.02,0.0,0,0,6,0.556621,0,0,0
303161.1,26.69,0.0,1,0,0,0.189402,1,0,0
190317.62,5404.05,0.0,0,0,1,0.207837,0,0,0
159760.49,228.15,0.0,0,0,6,0.17384,1,0,0
171479.81,1955.42,0.0,0,0,5,0.211651,0,0,0
216915.41,742.04,0.0,1,1,11,0.109377,0,1,0
76159.7,6590.37,0.0,0,0,6,0.303185,1,1,1
189863.44,333.06,0.0,0,0,12,0.368767,0,0,0
156572.16,5420.11,0.0,0,0,2,0.193559,0,0,0
290869.5,8272.21,0.0,2,0,5,0.583965,0,0,0
169549.64,631.93,0.0,0,0,11,0.344476,1,0,0
280073.26,223.27,0.0,0,0,1,0.042205,1,0,0
113775.56,2125.89,0.0,0,1,4,0.248507,1,0,0
215235.55,611.7,346.71,0,0,11,0.561041,1,0,1
199164.02,784.12,0.0,0,2,8,0.14793,1,0,0
127857.17,2705.6,0.0,0,0,11,0.060745,0,0,0
190643.77,4238.3,0.0,1,0,7,0.540932,0,1,0
252751.13,1859.91,0.0,1,0,12,0.280184,1,1,0
160572.5,3285.29,0.0,2,0,13,0.331887,1,0,1
78482.24,244.3,0.0,0,0,14,0.066941,1,0,0
178946.23,5007.99,0.0,0,2,1,0.338049,1,0,0
125854.61,275.44,0.0,0,0,8,0.193265,0,0,0
159459.54,238.84,0.0,1,1,1,0.241911,1,0,1
175104.73,610.69,0.0,0,0,3,0.576329,1,1,1
77660.87,1498.95,0.0,0,0,4,0.1897,1,0,0
83060.5,364.94,0.0,0,0,9,0.332519,1,0,0
208924.01,5154.08,0.0,0,0,6,0.312472,1,1,0
148636.88,504.55,0.0,0,0,12,0.460281,1,0,0
26115.34,4290.81,0.0,0,3,4,0.11802,0,0,0
227090.64,4993.27,0.0,0,1,9,0.2252,1,1,0
196342.19,1137.39,39.57,0,5,11,0.060989,0,1,0
137167.51,4494.18,0.0,0,0,14,0.215255,0,0,0
100990.19,3329.59,0.0,1,1,3,0.259188,0,1,1
230148.47,1044.17,0.0,0,1,11,0.302538,0,0,0
200961.04,3354.81,0.0,0,1,1,0.206706,0,0,0
322956.14,2304.97,0.0,1,4,8,0.256892,1,0,1
205211.32,662.89,0.0,0,1,6,0.435836,1,1,0
203262.19,7434.47,0.0,0,2,14,0.175641,1,1,1
169984.32,1941.8,0.0,0,1,11,0.086417,0,0,0
229006.55,3734.33,0.0,1,0,13,0.156417,0,0,0
217505.11,1128.25,0.0,0,1,12,0.303049,1,1,1
